{"train/entropy_loss":-0.5957198,"train/value_loss":0.0048766574,"_step":8487,"train/learning_rate":0.00025,"train/loss":-0.0066589643,"train/clip_fraction":1,"rollout/ep_len_mean":531,"time/fps":507,"train/policy_gradient_loss":0.0025812546,"_wandb":{"runtime":1435},"rollout/ep_rew_mean":70,"train/approx_kl":0.007159414,"_runtime":1435.550976155,"global_step":724992,"train/explained_variance":0.99847436,"_timestamp":1.7507005641391237e+09,"train/clip_range":0.1}